name,poster,director,category_id
Nymphomaniac: Volume I,http://dummyimage.com/180x250.png/dddddd/000000,Mariejeanne Jump,1
Light Years (Gandahar),http://dummyimage.com/180x250.png/cc0000/ffffff,Brandais Scase,1
Equinox,http://dummyimage.com/180x250.png/cc0000/ffffff,Deni Kubiczek,1
Kiss of Death,http://dummyimage.com/180x250.png/cc0000/ffffff,Ly Sitlington,1
American Gangster,http://dummyimage.com/180x250.png/dddddd/000000,Laverne Labba,1
Blue,http://dummyimage.com/180x250.png/5fa2dd/ffffff,Henry Haburne,1
Zombie Honeymoon,http://dummyimage.com/180x250.png/dddddd/000000,Tiffany Pilkinton,1
Sube y Baja,http://dummyimage.com/180x250.png/cc0000/ffffff,Conant Wharby,1
"Garage, The",http://dummyimage.com/180x250.png/dddddd/000000,Cameron Gabbat,1
Entre nos (Between Us),http://dummyimage.com/180x250.png/ff4444/ffffff,Peg Albany,1
