name,rows,cols,theater_id
Photobean,9,9,1
Buzzshare,9,9,1
Tavu,9,9,1
Centimia,9,9,1
Quinu,9,9,1
Ntags,9,9,1
Flipstorm,9,9,1
Youspan,9,9,1
Gabtune,9,9,1
Livepath,9,9,1
Jaxworks,9,9,1
Kwinu,9,9,1
BlogXS,9,9,1
Skyble,9,9,1
Dabvine,9,9,1
Yakijo,9,9,1
Roodel,9,9,1
Skinder,9,9,1
Dynava,9,9,1
Brightbean,9,9,1
Shuffletag,9,9,1
Plambee,9,9,1
Flipstorm,9,9,1
Devify,9,9,1
Eidel,9,9,1
Photospace,9,9,1
Babbleopia,9,9,1
Livefish,9,9,1
Quimba,9,9,1
Voomm,9,9,1
Jabberstorm,9,9,1
Wikizz,9,9,1
Kwideo,9,9,1
Talane,9,9,1
Thoughtsphere,9,9,1
Latz,9,9,1
Oozz,9,9,1
Bubbletube,9,9,1
Thoughtbridge,9,9,1
Edgeify,9,9,1
Skalith,9,9,1
Realfire,9,9,1
Fanoodle,9,9,1
Twinte,9,9,1
Fivechat,9,9,1
Eimbee,9,9,1
Mydeo,9,9,1
Jabbersphere,9,9,1
Thoughtmix,9,9,1
Dabjam,9,9,1
Vidoo,9,9,1
Meevee,9,9,1
Roombo,9,9,1
Flashspan,9,9,1
Dynazzy,9,9,1
Jabbercube,9,9,1
Tanoodle,9,9,1
Lazzy,9,9,1
Tavu,9,9,1
Mybuzz,9,9,1
Browsebug,9,9,1
Muxo,9,9,1
Realblab,9,9,1
Topicware,9,9,1
Topiczoom,9,9,1
Tekfly,9,9,1
Flipbug,9,9,1
Rhycero,9,9,1
Jayo,9,9,1
Yodel,9,9,1
Skimia,9,9,1
Yadel,9,9,1
Vinder,9,9,1
Leenti,9,9,1
Rhynoodle,9,9,1
Eabox,9,9,1
Camimbo,9,9,1
Meedoo,9,9,1
Topiclounge,9,9,1
Avamm,9,9,1
Linkbridge,9,9,1
Flipstorm,9,9,1
Einti,9,9,1
Tekfly,9,9,1
Riffpedia,9,9,1
Kimia,9,9,1
Thoughtmix,9,9,1
Gigaclub,9,9,1
Twitterworks,9,9,1
Edgeify,9,9,1
Linklinks,9,9,1
Quamba,9,9,1
Oyondu,9,9,1
Zoonoodle,9,9,1
Vidoo,9,9,1
Quaxo,9,9,1
Innotype,9,9,1
Agimba,9,9,1
Kaymbo,9,9,1
Mudo,9,9,1
Skaboo,9,9,1
Thoughtstorm,9,9,1
Aivee,9,9,1
Meevee,9,9,1
Edgepulse,9,9,1
Dabtype,9,9,1
Twitterwire,9,9,1
Bubblemix,9,9,1
Oyope,9,9,1
Youspan,9,9,1
Vidoo,9,9,1
Blognation,9,9,1
Podcat,9,9,1
Topiclounge,9,9,1
Leenti,9,9,1
Tazz,9,9,1
Yadel,9,9,1
Oodoo,9,9,1
Aibox,9,9,1
Trupe,9,9,1
Buzzbean,9,9,1
Cogilith,9,9,1
Ozu,9,9,1
Latz,9,9,1
Twitterbridge,9,9,1
Tazz,9,9,1
Dabvine,9,9,1
Yabox,9,9,1
Jabberbean,9,9,1
Centimia,9,9,1
Jaloo,9,9,1
Photobug,9,9,1
Mydo,9,9,1
Voonte,9,9,1
Zoomcast,9,9,1
Eamia,9,9,1
Oloo,9,9,1
Babbleset,9,9,1
Skinder,9,9,1
Devpoint,9,9,1
Thoughtstorm,9,9,1
Quinu,9,9,1
Skinix,9,9,1
Meevee,9,9,1
Tavu,9,9,1
Dablist,9,9,1
Brightdog,9,9,1
Teklist,9,9,1
Digitube,9,9,1
Jetwire,9,9,1
Skidoo,9,9,1
Bluezoom,9,9,1
LiveZ,9,9,1
Devpoint,9,9,1
Viva,9,9,1
Flashspan,9,9,1
Flipopia,9,9,1
Livefish,9,9,1
Mydeo,9,9,1
Oyoloo,9,9,1
Eire,9,9,1
Muxo,9,9,1
Yodo,9,9,1
Jaxspan,9,9,1
Quaxo,9,9,1
Babbleblab,9,9,1
Dynabox,9,9,1
Babbleblab,9,9,1
Meembee,9,9,1
Yoveo,9,9,1
Mymm,9,9,1
Aivee,9,9,1
Jetpulse,9,9,1
Rhycero,9,9,1
Viva,9,9,1
BlogXS,9,9,1
Youbridge,9,9,1
Jabbertype,9,9,1
Wikizz,9,9,1
Skinte,9,9,1
Avavee,9,9,1
Dabtype,9,9,1
Cogilith,9,9,1
Roombo,9,9,1
Brightbean,9,9,1
Zoozzy,9,9,1
Rhyloo,9,9,1
Minyx,9,9,1
Shufflebeat,9,9,1
Thoughtmix,9,9,1
Centidel,9,9,1
Wikizz,9,9,1
Topicware,9,9,1
Fadeo,9,9,1
Twitterbeat,9,9,1
Linktype,9,9,1
Blogspan,9,9,1
Ooba,9,9,1
Eayo,9,9,1
Photobug,9,9,1
Vinder,9,9,1
Chatterbridge,9,9,1
Linklinks,9,9,1
Kazu,9,9,1
Snaptags,9,9,1
Photospace,9,9,1
Eadel,9,9,1
Jaxworks,9,9,1
Aimbu,9,9,1
Plambee,9,9,1
Tekfly,9,9,1
Wordify,9,9,1
Eamia,9,9,1
Voonte,9,9,1
Flashpoint,9,9,1
Roodel,9,9,1
Rhynoodle,9,9,1
Kwinu,9,9,1
Youopia,9,9,1
Babbleset,9,9,1
Wordify,9,9,1
Trilia,9,9,1
Zooxo,9,9,1
Oloo,9,9,1
Mybuzz,9,9,1
Skyble,9,9,1
Jabberstorm,9,9,1
Pixonyx,9,9,1
Digitube,9,9,1
Aivee,9,9,1
Edgeblab,9,9,1
Geba,9,9,1
Thoughtstorm,9,9,1
Zoonder,9,9,1
Feedfish,9,9,1
Ozu,9,9,1
Linkbridge,9,9,1
Zooxo,9,9,1
Skipfire,9,9,1
Rhybox,9,9,1
Kazu,9,9,1
Rhycero,9,9,1
Centimia,9,9,1
Twitterbeat,9,9,1
Thoughtstorm,9,9,1
Ainyx,9,9,1
Jaxworks,9,9,1
Kayveo,9,9,1
Brainverse,9,9,1
Browsebug,9,9,1
Geba,9,9,1
Thoughtbeat,9,9,1
Livefish,9,9,1
Dynazzy,9,9,1
Oyoyo,9,9,1
Twitterwire,9,9,1
Bubbletube,9,9,1
Jaloo,9,9,1
Youopia,9,9,1
Twitterbridge,9,9,1
Leenti,9,9,1
Feedfish,9,9,1
Kimia,9,9,1
Nlounge,9,9,1
Voonyx,9,9,1
Voolia,9,9,1
Leexo,9,9,1
Miboo,9,9,1
Yodoo,9,9,1
Katz,9,9,1
Thoughtstorm,9,9,1
Zoozzy,9,9,1
Skimia,9,9,1
Jazzy,9,9,1
Youbridge,9,9,1
Buzzshare,9,9,1
Meetz,9,9,1
Eamia,9,9,1
Skyba,9,9,1
Meejo,9,9,1
Blogspan,9,9,1
Teklist,9,9,1
Rhybox,9,9,1
Bluezoom,9,9,1
Dabjam,9,9,1
Dabvine,9,9,1
Shuffletag,9,9,1
Gigashots,9,9,1
Trupe,9,9,1
Skiba,9,9,1
Eidel,9,9,1
Gigashots,9,9,1
Dynabox,9,9,1
Flipopia,9,9,1
Zoozzy,9,9,1
Voonder,9,9,1
Tekfly,9,9,1
Oozz,9,9,1
Janyx,9,9,1
Blognation,9,9,1
Yata,9,9,1
Wikizz,9,9,1
Wordware,9,9,1
Vimbo,9,9,1
Twitterworks,9,9,1
Divanoodle,9,9,1
Skyba,9,9,1
Meedoo,9,9,1
Feedmix,9,9,1
Mudo,9,9,1
Oba,9,9,1
Abatz,9,9,1
Ntag,9,9,1
Linkbridge,9,9,1
Fivechat,9,9,1
Youbridge,9,9,1
Skyba,9,9,1
Eimbee,9,9,1
Linkbridge,9,9,1
Brightdog,9,9,1
Youbridge,9,9,1
Twinder,9,9,1
Eimbee,9,9,1
Trilith,9,9,1
Bluejam,9,9,1
Zoombox,9,9,1
Thoughtblab,9,9,1
Omba,9,9,1
Gabtype,9,9,1
Gigabox,9,9,1
Twitterwire,9,9,1
Gabvine,9,9,1
Fiveclub,9,9,1
Skilith,9,9,1
Plambee,9,9,1
Eabox,9,9,1
Teklist,9,9,1
Zoombox,9,9,1
Divanoodle,9,9,1
Roomm,9,9,1
Livepath,9,9,1
Bluejam,9,9,1
Jetpulse,9,9,1
Innotype,9,9,1
Realmix,9,9,1
Fanoodle,9,9,1
Latz,9,9,1
Camimbo,9,9,1
Jaxspan,9,9,1
Kayveo,9,9,1
Tagchat,9,9,1
Jaxbean,9,9,1
Roombo,9,9,1
Avamba,9,9,1
Yakijo,9,9,1
Quatz,9,9,1
Eidel,9,9,1
Twinte,9,9,1
Photolist,9,9,1
Gigabox,9,9,1
Linkbuzz,9,9,1
InnoZ,9,9,1
Meemm,9,9,1
Mymm,9,9,1
Voolia,9,9,1
Midel,9,9,1
Yakijo,9,9,1
Tambee,9,9,1
Wordtune,9,9,1
Talane,9,9,1
Skipstorm,9,9,1
Muxo,9,9,1
Realcube,9,9,1
Einti,9,9,1
Fivespan,9,9,1
Yozio,9,9,1
Gigazoom,9,9,1
Katz,9,9,1
Eazzy,9,9,1
Yadel,9,9,1
Brainsphere,9,9,1
Snaptags,9,9,1
Skippad,9,9,1
Livepath,9,9,1
Twitterlist,9,9,1
Gabcube,9,9,1
Rooxo,9,9,1
Twitterworks,9,9,1
Quatz,9,9,1
Youfeed,9,9,1
Rhynoodle,9,9,1
Cogibox,9,9,1
Shufflebeat,9,9,1
Gigazoom,9,9,1
Photospace,9,9,1
Skynoodle,9,9,1
Voonder,9,9,1
Kwilith,9,9,1
Tazz,9,9,1
Wordware,9,9,1
Vinte,9,9,1
Yoveo,9,9,1
Nlounge,9,9,1
Yakitri,9,9,1
Mydo,9,9,1
Vipe,9,9,1
Skalith,9,9,1
Devpulse,9,9,1
Oba,9,9,1
Yombu,9,9,1
Meembee,9,9,1
Realpoint,9,9,1
Yombu,9,9,1
Camimbo,9,9,1
Digitube,9,9,1
Skyble,9,9,1
Skinix,9,9,1
Twitterwire,9,9,1
Innotype,9,9,1
Trunyx,9,9,1
Wikizz,9,9,1
Youbridge,9,9,1
Yacero,9,9,1
Oyoloo,9,9,1
Quaxo,9,9,1
Twitterbeat,9,9,1
Abatz,9,9,1
Wikizz,9,9,1
Tagtune,9,9,1
Katz,9,9,1
Abatz,9,9,1
Camido,9,9,1
Lazzy,9,9,1
Jayo,9,9,1
Youspan,9,9,1
Aimbo,9,9,1
Tagfeed,9,9,1
Vinder,9,9,1
Lajo,9,9,1
Youtags,9,9,1
Yacero,9,9,1
Cogilith,9,9,1
Lazz,9,9,1
Yakidoo,9,9,1
Kanoodle,9,9,1
Jaloo,9,9,1
Twitterlist,9,9,1
Tagtune,9,9,1
Ntag,9,9,1
Zoovu,9,9,1
Skyvu,9,9,1
Latz,9,9,1
Yakidoo,9,9,1
Innotype,9,9,1
Skiba,9,9,1
Katz,9,9,1
Plambee,9,9,1
Browsedrive,9,9,1
Quimba,9,9,1
Yabox,9,9,1
Aimbo,9,9,1
Divape,9,9,1
Ntags,9,9,1
Jabbertype,9,9,1
Agimba,9,9,1
Zoozzy,9,9,1
Wikizz,9,9,1
Quinu,9,9,1
Zoomzone,9,9,1
Zava,9,9,1
Teklist,9,9,1
Linkbridge,9,9,1
LiveZ,9,9,1
Topdrive,9,9,1
Feedbug,9,9,1
Plajo,9,9,1
Yacero,9,9,1
Yakijo,9,9,1
Tagfeed,9,9,1
Kwimbee,9,9,1
Skyba,9,9,1
Skiptube,9,9,1
Layo,9,9,1
Cogilith,9,9,1
Fivebridge,9,9,1
Yadel,9,9,1
LiveZ,9,9,1
Digitube,9,9,1
Zava,9,9,1
Gigazoom,9,9,1
Skimia,9,9,1
Jabbersphere,9,9,1
Topiclounge,9,9,1
Kazu,9,9,1
Photojam,9,9,1
Meevee,9,9,1
Innotype,9,9,1
Realbuzz,9,9,1
Teklist,9,9,1
Jabbercube,9,9,1
Trilith,9,9,1
Pixoboo,9,9,1
Kazu,9,9,1
DabZ,9,9,1
Linklinks,9,9,1
Omba,9,9,1
Babblestorm,9,9,1
Jatri,9,9,1
Jabbersphere,9,9,1
Skimia,9,9,1
Realcube,9,9,1
Dabjam,9,9,1
Avavee,9,9,1
Tazz,9,9,1
Twitterlist,9,9,1
Kayveo,9,9,1
Jayo,9,9,1
Jamia,9,9,1
Fivebridge,9,9,1
Miboo,9,9,1
Ooba,9,9,1
Kanoodle,9,9,1
Mynte,9,9,1
Dabfeed,9,9,1
Myworks,9,9,1
Rhyloo,9,9,1
Jabberstorm,9,9,1
Devpulse,9,9,1
Chatterpoint,9,9,1
Youbridge,9,9,1
Brainverse,9,9,1
Zoombeat,9,9,1
Rhyloo,9,9,1
Ntag,9,9,1
Zoonoodle,9,9,1
Babbleblab,9,9,1
Trilia,9,9,1
JumpXS,9,9,1
Riffwire,9,9,1
Realcube,9,9,1
Avamba,9,9,1
Gabspot,9,9,1
Eadel,9,9,1
Edgeclub,9,9,1
Quatz,9,9,1
Mudo,9,9,1
Blogpad,9,9,1
Tavu,9,9,1
Kayveo,9,9,1
Trupe,9,9,1
Jazzy,9,9,1
Photolist,9,9,1
Skyvu,9,9,1
Mynte,9,9,1
Oodoo,9,9,1
Zoomcast,9,9,1
Cogibox,9,9,1
Voonder,9,9,1
Muxo,9,9,1
Fliptune,9,9,1
Layo,9,9,1
Zoombox,9,9,1
Wikizz,9,9,1
Pixoboo,9,9,1
Skyba,9,9,1
Wikizz,9,9,1
Snaptags,9,9,1
Katz,9,9,1
Babbleset,9,9,1
Agimba,9,9,1
Aibox,9,9,1
Oozz,9,9,1
Oloo,9,9,1
Eayo,9,9,1
Gabcube,9,9,1
Photobean,9,9,1
Tavu,9,9,1
Bluezoom,9,9,1
Izio,9,9,1
Yakijo,9,9,1
Dynabox,9,9,1
Voonder,9,9,1
Vipe,9,9,1
Leenti,9,9,1
Meevee,9,9,1
Realpoint,9,9,1
Dabvine,9,9,1
Zava,9,9,1
Zoonder,9,9,1
InnoZ,9,9,1
Zoonoodle,9,9,1
Quamba,9,9,1
Eabox,9,9,1
Vinder,9,9,1
Flashdog,9,9,1
Wikizz,9,9,1
Realcube,9,9,1
Dabjam,9,9,1
Omba,9,9,1
Gigazoom,9,9,1
Shuffletag,9,9,1
Topdrive,9,9,1
Dazzlesphere,9,9,1
Yodo,9,9,1
Voonyx,9,9,1
Yakitri,9,9,1
Zoomlounge,9,9,1
Realblab,9,9,1
Voonyx,9,9,1
Jaxspan,9,9,1
Zooveo,9,9,1
Youspan,9,9,1
Jabberstorm,9,9,1
Topicshots,9,9,1
Vitz,9,9,1
Twitterlist,9,9,1
Topdrive,9,9,1
Jetwire,9,9,1
Wikizz,9,9,1
Zoombox,9,9,1
Topiclounge,9,9,1
Skippad,9,9,1
Cogilith,9,9,1
Demimbu,9,9,1
Dynazzy,9,9,1
Tagopia,9,9,1
Quire,9,9,1
Katz,9,9,1
Ainyx,9,9,1
Yakijo,9,9,1
Agimba,9,9,1
Yodel,9,9,1
Jamia,9,9,1
Oyoyo,9,9,1
Flipopia,9,9,1
Bluejam,9,9,1
Kwideo,9,9,1
Tagtune,9,9,1
Meejo,9,9,1
Thoughtblab,9,9,1
Babbleopia,9,9,1
Kayveo,9,9,1
Skippad,9,9,1
Brightdog,9,9,1
Trudeo,9,9,1
Thoughtworks,9,9,1
Riffpath,9,9,1
Thoughtmix,9,9,1
Oloo,9,9,1
Yacero,9,9,1
Kazio,9,9,1
Shuffledrive,9,9,1
Oyope,9,9,1
Oyoba,9,9,1
Yabox,9,9,1
Meevee,9,9,1
Skipstorm,9,9,1
Podcat,9,9,1
Avavee,9,9,1
Quaxo,9,9,1
Babbleopia,9,9,1
Zooxo,9,9,1
Dynava,9,9,1
Lazz,9,9,1
Quatz,9,9,1
Linkbridge,9,9,1
Bluezoom,9,9,1
Rhynyx,9,9,1
Devify,9,9,1
Flashdog,9,9,1
Twitterbeat,9,9,1
Fivebridge,9,9,1
Fivechat,9,9,1
Oyoloo,9,9,1
Wordware,9,9,1
Fivechat,9,9,1
Vimbo,9,9,1
Podcat,9,9,1
Flashpoint,9,9,1
Bubblebox,9,9,1
Feednation,9,9,1
Agimba,9,9,1
Agivu,9,9,1
Blogspan,9,9,1
Eimbee,9,9,1
Zoomzone,9,9,1
DabZ,9,9,1
Skyba,9,9,1
Voonder,9,9,1
Tagpad,9,9,1
Thoughtstorm,9,9,1
Tazz,9,9,1
Tagchat,9,9,1
Photolist,9,9,1
Ooba,9,9,1
Riffwire,9,9,1
Kazio,9,9,1
Jetpulse,9,9,1
Voonder,9,9,1
Katz,9,9,1
Jabbercube,9,9,1
Jayo,9,9,1
Kazio,9,9,1
Eabox,9,9,1
Thoughtworks,9,9,1
Kaymbo,9,9,1
Fliptune,9,9,1
Oloo,9,9,1
Eayo,9,9,1
Jabbertype,9,9,1
Shufflebeat,9,9,1
Miboo,9,9,1
Tagcat,9,9,1
Twitterwire,9,9,1
Leexo,9,9,1
Photobug,9,9,1
Zoovu,9,9,1
Janyx,9,9,1
Shufflebeat,9,9,1
Gigashots,9,9,1
Browsedrive,9,9,1
Lazz,9,9,1
Katz,9,9,1
Rhynyx,9,9,1
Gabspot,9,9,1
Tagpad,9,9,1
Jazzy,9,9,1
Devpulse,9,9,1
Divape,9,9,1
Yabox,9,9,1
Eabox,9,9,1
Devshare,9,9,1
Centidel,9,9,1
Devify,9,9,1
Gabcube,9,9,1
Digitube,9,9,1
Jaloo,9,9,1
Latz,9,9,1
Divavu,9,9,1
Dynabox,9,9,1
Yoveo,9,9,1
Kazio,9,9,1
Layo,9,9,1
Gevee,9,9,1
Kwilith,9,9,1
Youbridge,9,9,1
Roomm,9,9,1
Dabfeed,9,9,1
Eare,9,9,1
Fadeo,9,9,1
Plajo,9,9,1
Shufflebeat,9,9,1
Eimbee,9,9,1
Dynabox,9,9,1
Centimia,9,9,1
Edgeify,9,9,1
Kamba,9,9,1
Skajo,9,9,1
Babblestorm,9,9,1
Jaloo,9,9,1
Lajo,9,9,1
Zooveo,9,9,1
Meemm,9,9,1
Realcube,9,9,1
Photobean,9,9,1
Blogpad,9,9,1
Youfeed,9,9,1
Jabbercube,9,9,1
Yata,9,9,1
Topicshots,9,9,1
Jaloo,9,9,1
Youtags,9,9,1
Ntag,9,9,1
Myworks,9,9,1
Quinu,9,9,1
Youopia,9,9,1
Tagopia,9,9,1
Mydo,9,9,1
Edgeclub,9,9,1
Divanoodle,9,9,1
Jaxspan,9,9,1
Kamba,9,9,1
Yombu,9,9,1
Janyx,9,9,1
Oba,9,9,1
Linktype,9,9,1
Babblestorm,9,9,1
Meembee,9,9,1
Gigabox,9,9,1
Youfeed,9,9,1
Livepath,9,9,1
Demivee,9,9,1
Feedfish,9,9,1
Eimbee,9,9,1
Jaxbean,9,9,1
Oyope,9,9,1
Wikivu,9,9,1
Skilith,9,9,1
Thoughtbridge,9,9,1
Jabbercube,9,9,1
Tagpad,9,9,1
Gevee,9,9,1
Linklinks,9,9,1
Skalith,9,9,1
Babbleblab,9,9,1
Topiclounge,9,9,1
Reallinks,9,9,1
Yoveo,9,9,1
Wikizz,9,9,1
Dazzlesphere,9,9,1
Twitternation,9,9,1
Abatz,9,9,1
Eabox,9,9,1
Tanoodle,9,9,1
Jamia,9,9,1
Dynava,9,9,1
Trupe,9,9,1
Mybuzz,9,9,1
Browsecat,9,9,1
Yadel,9,9,1
Thoughtbeat,9,9,1
Flipopia,9,9,1
Trudeo,9,9,1
Innojam,9,9,1
Vitz,9,9,1
Oyoba,9,9,1
Zoombox,9,9,1
Buzzshare,9,9,1
Wordpedia,9,9,1
Dabtype,9,9,1
Linkbuzz,9,9,1
Demimbu,9,9,1
Skinte,9,9,1
Brainbox,9,9,1
Centimia,9,9,1
Yakitri,9,9,1
Youspan,9,9,1
Devbug,9,9,1
Browsetype,9,9,1
Zoomlounge,9,9,1
Centimia,9,9,1
Zava,9,9,1
Flipbug,9,9,1
Centimia,9,9,1
Photolist,9,9,1
Riffpedia,9,9,1
Realbuzz,9,9,1
Yata,9,9,1
Wordware,9,9,1
Centidel,9,9,1
Cogibox,9,9,1
Pixope,9,9,1
Jabbersphere,9,9,1
Mymm,9,9,1
Wordpedia,9,9,1
Thoughtsphere,9,9,1
Vidoo,9,9,1
Mynte,9,9,1
Plajo,9,9,1
Avavee,9,9,1
Babblestorm,9,9,1
Skyba,9,9,1
Meevee,9,9,1
Vinte,9,9,1
Muxo,9,9,1
Oyonder,9,9,1
Trudoo,9,9,1
Wikivu,9,9,1
Rhycero,9,9,1
Flipopia,9,9,1
Devpulse,9,9,1
Plambee,9,9,1
Devify,9,9,1
Wordware,9,9,1
Eire,9,9,1
Skimia,9,9,1
Tagopia,9,9,1
Tanoodle,9,9,1
Ntag,9,9,1
Oyoba,9,9,1
Ntags,9,9,1
Janyx,9,9,1
Demivee,9,9,1
Reallinks,9,9,1
Teklist,9,9,1
Twitterwire,9,9,1
Tagfeed,9,9,1
Jayo,9,9,1
Yodoo,9,9,1
Realmix,9,9,1
Meemm,9,9,1
Devshare,9,9,1
Buzzdog,9,9,1
Babblestorm,9,9,1
Jaxbean,9,9,1
Topicware,9,9,1
Trunyx,9,9,1
Roomm,9,9,1
Twimbo,9,9,1
Buzzbean,9,9,1
Kwinu,9,9,1
Flipbug,9,9,1
Brainverse,9,9,1
Twimbo,9,9,1
Shuffledrive,9,9,1
Brainlounge,9,9,1
Youfeed,9,9,1
Youbridge,9,9,1
Quatz,9,9,1
Quaxo,9,9,1
Zoombeat,9,9,1
Reallinks,9,9,1
Skibox,9,9,1
Zoombox,9,9,1
Lazz,9,9,1
Yata,9,9,1
Skalith,9,9,1
Quinu,9,9,1
Browsedrive,9,9,1
Fliptune,9,9,1
Demimbu,9,9,1
Flashpoint,9,9,1
Topiczoom,9,9,1
Vitz,9,9,1
Twinte,9,9,1
Nlounge,9,9,1
Zava,9,9,1
Meevee,9,9,1
Jabbercube,9,9,1
Zoombox,9,9,1
Feednation,9,9,1
Babbleopia,9,9,1
Devify,9,9,1
Dabjam,9,9,1
Omba,9,9,1
Demimbu,9,9,1
Dazzlesphere,9,9,1
Yodo,9,9,1
Dabtype,9,9,1
Trupe,9,9,1
Linkbuzz,9,9,1
Kwinu,9,9,1
Divavu,9,9,1
Shuffletag,9,9,1
Browsezoom,9,9,1
Mymm,9,9,1
Skilith,9,9,1
Jamia,9,9,1
Flipopia,9,9,1
Tagopia,9,9,1
Voomm,9,9,1
Babbleset,9,9,1
Oodoo,9,9,1
Wikido,9,9,1
Livepath,9,9,1
Mycat,9,9,1
Demimbu,9,9,1
Voonte,9,9,1
Thoughtsphere,9,9,1
Twitternation,9,9,1
Zoomlounge,9,9,1
Reallinks,9,9,1
Katz,9,9,1
Skilith,9,9,1
Eadel,9,9,1
Gevee,9,9,1
Dabtype,9,9,1
Fivechat,9,9,1
Aibox,9,9,1
Yozio,9,9,1
Centizu,9,9,1
Mudo,9,9,1
Bubblemix,9,9,1
Trudoo,9,9,1
Gabcube,9,9,1
Twimbo,9,9,1
Photospace,9,9,1
Camido,9,9,1
Avaveo,9,9,1
Flashdog,9,9,1
Tagcat,9,9,1
Kwinu,9,9,1
Mymm,9,9,1
Rhynyx,9,9,1
Blogtags,9,9,1
Chatterpoint,9,9,1
Feedfire,9,9,1
Yoveo,9,9,1
Tagopia,9,9,1
Teklist,9,9,1
Midel,9,9,1
Yata,9,9,1
Mydeo,9,9,1
Minyx,9,9,1
Devify,9,9,1
Zoomdog,9,9,1
Devify,9,9,1
Yambee,9,9,1
Blogtag,9,9,1
Brainbox,9,9,1
