name,address,creationDate,updatedOn
Selia,33 North Point,1/3/2021,1/8/2021
Catlee,77 5th Pass,1/23/2021,2/1/2021
Charlotta,5 Mendota Point,12/2/2020,7/28/2020
Courtnay,5121 Carioca Lane,12/6/2020,1/13/2021
Lyndy,396 6th Junction,11/6/2020,8/8/2020
Gasparo,23 Bashford Road,9/15/2020,12/7/2020
Skye,4206 Thompson Avenue,3/12/2021,5/20/2021
Dyanne,3 Morrow Crossing,7/4/2020,2/9/2021
Lenore,6060 Tennessee Crossing,5/20/2021,12/21/2020
Heywood,30567 Farwell Terrace,12/1/2020,5/8/2021
Lucita,9 Fuller Circle,12/31/2020,11/19/2020
Margarita,1 Sheridan Street,7/2/2020,8/14/2020
Ogden,3818 Hauk Alley,6/22/2020,4/16/2021
Olva,3 Gulseth Plaza,6/19/2020,2/16/2021
Hyacintha,801 Haas Point,6/13/2020,2/8/2021
Minette,92973 Towne Pass,6/2/2020,2/12/2021
Annamaria,14962 Crescent Oaks Circle,7/14/2020,10/23/2020
Bengt,3 Manley Place,10/3/2020,6/9/2020
Nev,61774 Pleasure Street,1/31/2021,12/17/2020
Fielding,1 Morning Hill,6/2/2020,4/16/2021
