user_name,email,password,phone,address,name
bhyder0,bhyder0@uiuc.edu,$2b$10$6lEfwFF7Qeh99e1Mwy6JWuw3I3w8Rjo9a63FLV647jQcH.af93RaC,966-248-9531,7 Novick Circle,Bennie Hyder
epirnie1,epirnie1@google.com.hk,$2b$10$6lEfwFF7Qeh99e1Mwy6JWuw3I3w8Rjo9a63FLV647jQcH.af93RaC,629-331-8749,696 Park Meadow Avenue,Eileen Pirnie
khamnett2,khamnett2@printfriendly.com,$2b$10$6lEfwFF7Qeh99e1Mwy6JWuw3I3w8Rjo9a63FLV647jQcH.af93RaC,721-467-0962,3 Aberg Pass,Kendra Hamnett
gbortolotti3,gbortolotti3@flickr.com,$2b$10$6lEfwFF7Qeh99e1Mwy6JWuw3I3w8Rjo9a63FLV647jQcH.af93RaC,650-495-5259,9 Huxley Court,Garrard Bortolotti
oiglesia4,oiglesia4@lulu.com,$2b$10$6lEfwFF7Qeh99e1Mwy6JWuw3I3w8Rjo9a63FLV647jQcH.af93RaC,337-211-3488,2 Sunfield Park,Orrin Iglesia
csimcoe5,csimcoe5@friendfeed.com,$2b$10$6lEfwFF7Qeh99e1Mwy6JWuw3I3w8Rjo9a63FLV647jQcH.af93RaC,977-361-0433,111 Kensington Circle,Clayton Simcoe
sclayworth6,sclayworth6@lycos.com,$2b$10$6lEfwFF7Qeh99e1Mwy6JWuw3I3w8Rjo9a63FLV647jQcH.af93RaC,855-770-3464,72 Messerschmidt Hill,Sonny Clayworth
bbarthelemy7,bbarthelemy7@dailymotion.com,$2b$10$6lEfwFF7Qeh99e1Mwy6JWuw3I3w8Rjo9a63FLV647jQcH.af93RaC,670-292-3449,45012 Garrison Plaza,Baudoin Barthelemy
mchatelot8,mchatelot8@example.com,$2b$10$6lEfwFF7Qeh99e1Mwy6JWuw3I3w8Rjo9a63FLV647jQcH.af93RaC,649-299-7988,32202 Sloan Plaza,Maurine Chatelot
kmcvie9,kmcvie9@census.gov,$2b$10$6lEfwFF7Qeh99e1Mwy6JWuw3I3w8Rjo9a63FLV647jQcH.af93RaC,480-583-9410,4999 Thierer Crossing,Kathryn McVie
usnapea,usnapea@themeforest.net,$2b$10$6lEfwFF7Qeh99e1Mwy6JWuw3I3w8Rjo9a63FLV647jQcH.af93RaC,690-549-1825,755 Westerfield Circle,Ursulina Snape
dconnechieb,dconnechieb@over-blog.com,$2b$10$6lEfwFF7Qeh99e1Mwy6JWuw3I3w8Rjo9a63FLV647jQcH.af93RaC,674-303-4230,679 Bluestem Trail,Darb Connechie
beveleighc,beveleighc@bbc.co.uk,$2b$10$6lEfwFF7Qeh99e1Mwy6JWuw3I3w8Rjo9a63FLV647jQcH.af93RaC,930-383-5008,734 Hansons Junction,Bidget Eveleigh
rthickpennyd,rthickpennyd@vinaora.com,$2b$10$6lEfwFF7Qeh99e1Mwy6JWuw3I3w8Rjo9a63FLV647jQcH.af93RaC,826-801-8450,453 Carpenter Plaza,Rog Thickpenny
kvaane,kvaane@foxnews.com,$2b$10$6lEfwFF7Qeh99e1Mwy6JWuw3I3w8Rjo9a63FLV647jQcH.af93RaC,268-433-2537,183 Oak Valley Plaza,Kilian Vaan
kenticknapf,kenticknapf@lulu.com,$2b$10$6lEfwFF7Qeh99e1Mwy6JWuw3I3w8Rjo9a63FLV647jQcH.af93RaC,668-500-7445,1761 Debra Court,Karissa Enticknap
siredaleg,siredaleg@i2i.jp,$2b$10$6lEfwFF7Qeh99e1Mwy6JWuw3I3w8Rjo9a63FLV647jQcH.af93RaC,739-994-7627,8831 Bluestem Point,Stafani Iredale
tleporth,tleporth@ucsd.edu,$2b$10$6lEfwFF7Qeh99e1Mwy6JWuw3I3w8Rjo9a63FLV647jQcH.af93RaC,123-123-7282,45376 Spaight Court,Tamarah Leport
jskeelesi,jskeelesi@histats.com,$2b$10$6lEfwFF7Qeh99e1Mwy6JWuw3I3w8Rjo9a63FLV647jQcH.af93RaC,633-378-4025,35147 New Castle Parkway,Jocelin Skeeles
dtadlowj,dtadlowj@sphinn.com,$2b$10$6lEfwFF7Qeh99e1Mwy6JWuw3I3w8Rjo9a63FLV647jQcH.af93RaC,500-340-9994,438 Spaight Lane,Drucie Tadlow
