name,poster,trailer,director,publish
NoQBjGScGXjSLcKptE3UV,http://dummyimage.com/185x284.png/cc0000/ffffff,vel sem sed sagittis nam congue risus semper porta volutpat quam pede lobortis ligula sit amet,Dell,3/31/2021
PtuI3ZmPqO7hKlOXwAD5L,http://dummyimage.com/185x284.png/ff4444/ffffff,integer tincidunt ante vel ipsum praesent blandit lacinia erat vestibulum sed magna at nunc commodo placerat praesent blandit nam nulla,Wildon,5/10/2021
XWHDPZmG3irPdRVEjKHpu,http://dummyimage.com/185x284.png/ff4444/ffffff,nec euismod scelerisque quam turpis adipiscing lorem vitae mattis nibh ligula nec sem duis aliquam,Braden,10/16/2020
rdSFa8J5gCZ2ABVISKeom,http://dummyimage.com/185x284.png/cc0000/ffffff,in faucibus orci luctus et ultrices posuere cubilia curae donec pharetra,Adolf,4/9/2021
eby6kcs5cYW2zELU07vxR,http://dummyimage.com/185x284.png/ff4444/ffffff,non interdum in ante vestibulum ante ipsum primis in faucibus orci luctus et ultrices posuere cubilia curae duis faucibus,Tomkin,12/13/2020
QnZAGzw1sqv5AzQ0WfL49,http://dummyimage.com/185x284.png/ff4444/ffffff,augue vestibulum rutrum rutrum neque aenean auctor gravida sem praesent,Bond,3/29/2021
wWOGFfqifFORQ3x46nvr1,http://dummyimage.com/185x284.png/5fa2dd/ffffff,diam cras pellentesque volutpat dui maecenas tristique est et tempus semper est quam pharetra,Renault,8/26/2020
5N2nSy2KxsJGsPrpDBJbj,http://dummyimage.com/185x284.png/dddddd/000000,eu est congue elementum in hac habitasse platea dictumst morbi vestibulum velit id pretium iaculis diam erat fermentum justo,Shepperd,4/10/2021
U4UG6sT6GcCYHNWABCDb0,http://dummyimage.com/185x284.png/cc0000/ffffff,congue vivamus metus arcu adipiscing molestie hendrerit at vulputate vitae nisl aenean lectus pellentesque eget nunc donec quis,Elvyn,2/2/2021
IgLAAOtZp3s4N0IWw0RjG,http://dummyimage.com/185x284.png/cc0000/ffffff,augue vestibulum rutrum rutrum neque aenean auctor gravida sem praesent id massa id nisl venenatis,Barr,10/25/2020
YT7iBHjC7snYrWGC4RCWe,http://dummyimage.com/185x284.png/ff4444/ffffff,consequat ut nulla sed accumsan felis ut at dolor quis odio consequat varius integer ac leo pellentesque,Vevay,7/20/2020
GQvcp0HK6yaIyGhfvyFFg,http://dummyimage.com/185x284.png/ff4444/ffffff,sit amet consectetuer adipiscing elit proin interdum mauris non ligula pellentesque ultrices phasellus id sapien in sapien,Byram,6/16/2020
iY5qleUw1DTPqFD5O3UiX,http://dummyimage.com/185x284.png/ff4444/ffffff,mauris vulputate elementum nullam varius nulla facilisi cras non velit nec nisi vulputate nonummy,Case,8/16/2020
yk2HsAClQZ2CRMyahsRiP,http://dummyimage.com/185x284.png/ff4444/ffffff,id nisl venenatis lacinia aenean sit amet justo morbi ut,Marisa,5/5/2021
kOEyy2bXwTregDOranciF,http://dummyimage.com/185x284.png/cc0000/ffffff,leo odio porttitor id consequat in consequat ut nulla sed,Aurelie,1/19/2021
5mgRfFQnIDJleb5KurCAS,http://dummyimage.com/185x284.png/ff4444/ffffff,habitasse platea dictumst etiam faucibus cursus urna ut tellus nulla ut erat id mauris vulputate elementum nullam varius,Ilsa,5/21/2020
9cA4eFhAO6tYz0lWmsFH0,http://dummyimage.com/185x284.png/dddddd/000000,tortor quis turpis sed ante vivamus tortor duis mattis egestas metus aenean fermentum donec,Sayer,5/21/2020
160f7hoPwed2jgQXmi1t9,http://dummyimage.com/185x284.png/dddddd/000000,vel ipsum praesent blandit lacinia erat vestibulum sed magna at nunc commodo,Andree,7/23/2020
zRWrm3stHB2S1mfmW81iC,http://dummyimage.com/185x284.png/dddddd/000000,ut nunc vestibulum ante ipsum primis in faucibus orci luctus et ultrices posuere cubilia curae mauris viverra diam vitae,August,9/21/2020
XvCc50lYLSC8BOwsHaowK,http://dummyimage.com/185x284.png/ff4444/ffffff,iaculis diam erat fermentum justo nec condimentum neque sapien placerat ante nulla justo aliquam quis turpis eget elit,Fitzgerald,12/23/2020
cptzUdrdAhY1fuW6MBywk,http://dummyimage.com/185x284.png/cc0000/ffffff,nisl duis ac nibh fusce lacus purus aliquet at feugiat non pretium quis lectus suspendisse potenti in,Gerhard,12/4/2020
7rHlfwqla8WtbIiXfmrGV,http://dummyimage.com/185x284.png/5fa2dd/ffffff,libero nullam sit amet turpis elementum ligula vehicula consequat morbi a ipsum integer a,Rochelle,6/21/2020
kxu1OBPqTYoY7mPIv1VrF,http://dummyimage.com/185x284.png/dddddd/000000,volutpat in congue etiam justo etiam pretium iaculis justo in hac habitasse platea dictumst etiam faucibus cursus,Clevie,12/13/2020
aJW3udahbYBcR7a9NFisK,http://dummyimage.com/185x284.png/dddddd/000000,suscipit a feugiat et eros vestibulum ac est lacinia nisi venenatis tristique fusce congue,Tiebold,4/25/2021
GAGx26BOeby8MqOaBPQhL,http://dummyimage.com/185x284.png/5fa2dd/ffffff,non interdum in ante vestibulum ante ipsum primis in faucibus orci,Konstantine,10/17/2020
E6iw7ztQvZXnX1Rncw1TR,http://dummyimage.com/185x284.png/cc0000/ffffff,odio curabitur convallis duis consequat dui nec nisi volutpat eleifend donec ut dolor morbi vel,Dita,2/14/2021
CAsJwmXdGnzgl308pL1eE,http://dummyimage.com/185x284.png/ff4444/ffffff,adipiscing elit proin interdum mauris non ligula pellentesque ultrices phasellus id sapien in sapien iaculis congue,Renee,10/20/2020
5lNYMUgng6T0MEwbj0Fnx,http://dummyimage.com/185x284.png/5fa2dd/ffffff,in leo maecenas pulvinar lobortis est phasellus sit amet erat,Hadleigh,6/12/2020
0bCdA0vnFFGFBEBtxUmfn,http://dummyimage.com/185x284.png/5fa2dd/ffffff,euismod scelerisque quam turpis adipiscing lorem vitae mattis nibh ligula nec sem duis aliquam convallis nunc proin at,Foster,9/13/2020
INpTv7ILJFzqCXjHrou8O,http://dummyimage.com/185x284.png/5fa2dd/ffffff,mattis pulvinar nulla pede ullamcorper augue a suscipit nulla elit ac,Astra,7/15/2020
HtpZsIebfoIyCtImXoJKA,http://dummyimage.com/185x284.png/cc0000/ffffff,semper est quam pharetra magna ac consequat metus sapien ut nunc vestibulum ante ipsum primis in,Aurea,11/5/2020
FiuDbybh6UdyGHFfD9slp,http://dummyimage.com/185x284.png/cc0000/ffffff,tincidunt in leo maecenas pulvinar lobortis est phasellus sit amet erat nulla tempus vivamus in felis,Husein,5/5/2021
74ewCy9RXvveMtm03ClWv,http://dummyimage.com/185x284.png/5fa2dd/ffffff,lacinia aenean sit amet justo morbi ut odio cras mi pede malesuada in,Mal,7/2/2020
q2fpBtN1UsKKbQCpTqkJU,http://dummyimage.com/185x284.png/5fa2dd/ffffff,odio porttitor id consequat in consequat ut nulla sed accumsan felis ut at dolor quis odio,Drusilla,1/23/2021
seK5mu9y4id3xbNjNYrLI,http://dummyimage.com/185x284.png/5fa2dd/ffffff,mauris viverra diam vitae quam suspendisse potenti nullam porttitor lacus at turpis donec posuere metus vitae ipsum,Aluin,12/13/2020
yRZgDMoUhcuUG291Jvoan,http://dummyimage.com/185x284.png/5fa2dd/ffffff,convallis nulla neque libero convallis eget eleifend luctus ultricies eu nibh quisque id justo sit amet sapien dignissim vestibulum,Ardyce,7/23/2020
GbLz8Wwbdid1mTIE5L8W5,http://dummyimage.com/185x284.png/cc0000/ffffff,sem duis aliquam convallis nunc proin at turpis a pede posuere nonummy integer non velit donec diam neque vestibulum eget,Hynda,9/4/2020
XNrjuleQxG5PNPDUuRf5s,http://dummyimage.com/185x284.png/dddddd/000000,consequat ut nulla sed accumsan felis ut at dolor quis odio consequat varius integer ac leo pellentesque ultrices,Haley,4/9/2021
fOnkZdGLQtqULhpOOjDgO,http://dummyimage.com/185x284.png/dddddd/000000,magna vulputate luctus cum sociis natoque penatibus et magnis dis parturient montes nascetur ridiculus mus vivamus vestibulum sagittis sapien cum,Donall,6/17/2020
inP5z602aDC9qVpI7vVjP,http://dummyimage.com/185x284.png/ff4444/ffffff,mauris non ligula pellentesque ultrices phasellus id sapien in sapien iaculis congue vivamus metus arcu adipiscing molestie hendrerit at,Renata,6/29/2020
NZaDDJIeLiRB9Jdb2mhG0,http://dummyimage.com/185x284.png/dddddd/000000,lectus suspendisse potenti in eleifend quam a odio in hac habitasse platea dictumst maecenas ut massa quis augue,Gay,3/28/2021
pPcVKSjd8B6PKuMYyhkUO,http://dummyimage.com/185x284.png/ff4444/ffffff,nulla sed vel enim sit amet nunc viverra dapibus nulla suscipit ligula,Alyda,10/30/2020
E9luBeJZ3VsPZJGOVsEiO,http://dummyimage.com/185x284.png/5fa2dd/ffffff,diam in magna bibendum imperdiet nullam orci pede venenatis non sodales sed tincidunt eu felis fusce,Tally,11/19/2020
59qMQHfw3OvRonhjpOxX1,http://dummyimage.com/185x284.png/5fa2dd/ffffff,quam a odio in hac habitasse platea dictumst maecenas ut massa,Demetri,12/4/2020
rbxFqPMg6PkMAg5cp0o83,http://dummyimage.com/185x284.png/5fa2dd/ffffff,ante nulla justo aliquam quis turpis eget elit sodales scelerisque mauris sit amet eros,Kain,1/21/2021
bsZPRzRxvuUZ7rkJLmTou,http://dummyimage.com/185x284.png/ff4444/ffffff,quisque porta volutpat erat quisque erat eros viverra eget congue eget semper rutrum nulla,Lonnard,2/3/2021
MCGYEvjZYFs1M8Uvy7j3d,http://dummyimage.com/185x284.png/ff4444/ffffff,in felis donec semper sapien a libero nam dui proin leo odio porttitor id consequat in,Roy,4/27/2021
SEWuVRG3Lxi82VNetqONY,http://dummyimage.com/185x284.png/ff4444/ffffff,luctus cum sociis natoque penatibus et magnis dis parturient montes nascetur ridiculus mus vivamus vestibulum sagittis sapien,Janel,1/17/2021
KAT121pSZ7KFpKOR3w0DN,http://dummyimage.com/185x284.png/dddddd/000000,ut blandit non interdum in ante vestibulum ante ipsum primis in faucibus orci luctus et ultrices,Franky,11/26/2020
WRUudeY1tbRHtatBMVpBi,http://dummyimage.com/185x284.png/5fa2dd/ffffff,id sapien in sapien iaculis congue vivamus metus arcu adipiscing molestie hendrerit at vulputate vitae nisl aenean lectus pellentesque eget,Tasia,8/16/2020
